RK,Name,AGE,EARNINGS,CUP,EVNTS,RNDS,CUTS,TOP10,WINS,SCORE,DDIS,DACC,GIR,PUTTS,SAND,BIRDS,Season
1,Scottie Scheffler,29,"$29,228,356",6615,19,75,19,16,7,68.0,303.8,66.9,73.2,1.68,57.4,4.88,2024
2,Xander Schauffele,32,"$18,385,320",5422,22,83,21,15,2,68.5,308.5,60.8,70.0,1.723,59.5,4.325,2024
3,Hideki Matsuyama,33,"$11,257,969",3899,20,74,18,7,2,69.6,299.4,58.8,66.7,1.754,60.9,3.905,2024
4,Keegan Bradley,39,"$6,879,455",3096,22,79,18,3,1,70.3,305.5,62.5,67.1,1.747,57.7,3.949,2024
5,Ludvig Åberg,26,"$9,833,547",2980,20,75,18,8,0,69.4,310.1,62.4,68.1,1.738,53.5,4.16,2024
6,Rory McIlroy,36,"$10,893,790",2829,19,69,17,7,2,69.7,320.2,60.3,65.7,1.741,60.7,4.058,2024
7,Collin Morikawa,28,"$8,383,572",2714,22,79,19,8,0,69.3,296.0,70.1,65.2,1.704,56.2,4.342,2024
8,Wyndham Clark,32,"$10,901,416",2708,21,71,15,8,1,69.6,314.0,55.2,65.3,1.694,61.4,4.254,2024
9,Sam Burns,29,"$6,185,830",2518,21,77,18,8,0,69.6,307.4,61.6,64.7,1.685,63.2,4.416,2024
10,Patrick Cantlay,33,"$6,279,965",2221,19,69,17,4,0,69.9,302.7,58.4,63.1,1.745,62.1,4.058,2024
11,Sungjae Im,27,"$6,286,205",2220,26,91,20,8,0,69.5,298.8,63.6,65.1,1.733,63.0,4.264,2024
12,Sahith Theegala,28,"$8,474,215",2114,26,93,22,9,0,69.8,305.7,59.0,67.9,1.748,53.8,4.14,2024
13,Shane Lowry,38,"$6,095,881",2099,20,73,17,7,1,70.0,300.4,66.0,67.0,1.748,56.7,3.89,2024
14,Adam Scott,45,"$4,753,172",2058,19,71,17,5,0,69.6,307.1,58.3,66.4,1.731,57.0,3.944,2024
15,Tony Finau,36,"$5,706,467",2047,22,83,20,5,0,69.7,308.4,58.4,69.0,1.757,59.0,4.253,2024
16,Byeong Hun An,34,"$5,871,643",2040,22,75,17,5,0,70.0,317.1,53.3,67.6,1.738,62.0,4.2,2024
17,Viktor Hovland,28,"$4,616,727",1967,16,57,13,2,0,70.0,305.1,60.7,67.8,1.707,46.6,4.281,2024
18,Russell Henley,36,"$5,080,969",1933,19,73,18,7,0,69.8,291.3,69.5,65.0,1.714,68.0,3.849,2024
19,Akshay Bhatia,23,"$5,344,905",1891,26,89,18,3,1,69.9,299.8,65.5,66.0,1.737,57.9,3.899,2024
20,Robert MacIntyre,29,"$5,400,384",1885,25,75,13,6,2,69.4,304.9,56.6,66.0,1.75,63.4,3.92,2024
21,Billy Horschel,39,"$5,037,278",1838,23,79,17,7,1,69.5,299.4,63.8,66.4,1.743,64.8,3.873,2024
22,Tommy Fleetwood,34,"$4,609,158",1747,19,71,17,4,0,69.9,300.4,69.2,67.3,1.773,58.9,3.563,2024
23,Sepp Straka,32,"$4,601,079",1721,24,77,16,4,0,70.5,294.7,70.0,67.5,1.757,49.1,3.675,2024
24,Matthieu Pavon,33,"$5,254,412",1690,19,67,15,4,1,70.5,300.9,63.2,66.0,1.769,50.0,3.687,2024
25,Taylor Pendrith,34,"$4,797,854",1668,25,79,17,7,1,69.5,313.6,57.4,67.0,1.704,52.3,4.354,2024
26,Chris Kirk,40,"$6,061,136",1656,23,81,18,3,1,70.3,299.9,65.5,65.8,1.742,50.7,4.099,2024
27,Tom Hoge,36,"$4,841,123",1655,30,105,24,4,0,69.8,296.2,60.7,67.7,1.725,53.2,4.229,2024
28,Aaron Rai,30,"$4,613,515",1639,25,89,20,6,1,69.3,293.8,72.0,71.6,1.767,50.0,3.876,2024
29,Christiaan Bezuidenhout,31,"$5,026,363",1628,23,80,18,3,0,69.9,290.7,59.5,62.1,1.715,57.7,3.8,2024
30,Justin Thomas,32,"$5,223,561",1617,20,71,16,6,0,69.6,309.1,55.8,65.6,1.742,58.3,4.197,2024
31,Brian Harman,38,"$5,201,770",1588,23,87,21,3,0,69.9,292.7,67.2,65.8,1.733,49.3,3.885,2024
32,Si Woo Kim,30,"$4,526,733",1580,25,92,22,3,0,69.6,294.8,67.2,65.4,1.739,59.1,4.022,2024
33,Jason Day,38,"$4,117,518",1567,20,73,17,4,0,69.9,300.8,61.2,63.4,1.714,61.5,4.082,2024
34,Davis Thompson,26,"$4,420,940",1523,27,94,21,5,1,69.3,306.3,61.9,68.6,1.744,59.4,4.128,2024
35,Denny McCarthy,32,"$4,022,193",1498,24,87,20,4,0,70.0,290.6,62.6,62.6,1.717,62.6,3.874,2024
36,Cam Davis,30,"$4,039,533",1490,23,80,17,2,1,70.7,303.2,61.1,63.5,1.755,57.1,4.063,2024
37,Alex Noren,43,"$3,649,210",1483,20,73,17,4,0,69.4,295.5,63.8,68.3,1.77,63.4,3.808,2024
38,Will Zalatoris,29,"$4,569,320",1461,22,70,14,3,0,70.5,302.5,60.0,65.3,1.803,56.9,3.429,2024
39,Corey Conners,34,"$4,061,539",1433,23,87,22,4,0,69.8,301.2,64.3,70.3,1.755,49.3,4.023,2024
40,Matt Fitzpatrick,31,"$3,705,463",1376,21,71,16,3,0,70.4,299.0,63.2,64.4,1.728,63.3,3.873,2024
41,J.T. Poston,32,"$5,271,598",1355,25,89,20,6,1,69.9,293.1,65.5,66.1,1.735,56.0,4.135,2024
42,Thomas Detry,33,"$3,614,669",1344,21,70,15,4,0,70.0,303.3,59.0,63.3,1.728,55.6,4.1,2024
43,Stephan Jaeger,36,"$4,732,554",1327,25,83,17,4,1,70.0,310.3,60.6,66.0,1.747,48.1,4.145,2024
44,Cameron Young,28,"$4,057,224",1295,21,81,20,6,0,70.4,308.9,59.6,66.2,1.75,53.2,3.975,2024
45,Austin Eckroat,27,"$5,054,871",1294,27,94,21,3,2,70.2,300.8,67.9,66.2,1.748,53.9,3.915,2024
46,Max Homa,35,"$3,843,467",1288,22,79,18,3,0,70.7,300.2,56.6,63.7,1.759,61.9,3.696,2024
47,Adam Hadwin,38,"$4,052,108",1266,26,83,17,5,0,70.4,297.6,62.0,64.9,1.744,52.2,4.0,2024
48,Max Greyserman,30,"$4,297,356",1239,26,81,18,6,0,69.1,311.0,59.1,68.5,1.715,55.2,4.37,2024
49,Nick Dunlap,22,"$2,930,385",1224,23,71,15,4,2,70.4,307.3,55.2,64.3,1.717,50.0,4.31,2024
50,Eric Cole,37,"$3,726,147",1173,34,111,23,5,0,70.1,297.2,57.2,62.7,1.729,60.1,3.982,2024
51,Tom Kim,23,"$4,124,968",1079,24,82,18,2,0,70.1,299.0,64.9,66.2,1.744,54.6,4.098,2024
52,Mackenzie Hughes,35,"$3,769,962",1048,26,95,22,6,0,69.7,298.2,54.8,63.7,1.722,54.5,3.926,2024
53,Maverick McNealy,30,"$4,708,358",1045,28,95,21,6,1,69.1,302.5,61.2,67.9,1.732,52.5,4.242,2024
54,Patrick Rodgers,33,"$3,247,174",1032,30,100,23,5,0,69.7,306.1,59.1,69.8,1.754,60.4,4.04,2024
55,Justin Rose,45,"$3,058,683",1021,19,61,12,2,0,70.5,297.5,63.2,63.3,1.763,66.0,3.656,2024
56,Séamus Power,38,"$3,033,654",993,28,96,21,1,0,69.7,300.3,64.5,67.9,1.755,60.9,3.75,2024
57,Harris English,36,"$3,402,062",987,26,93,21,4,0,70.1,301.9,65.4,65.9,1.751,57.8,3.71,2024
58,Nick Taylor,37,"$3,249,358",985,27,86,17,3,1,70.3,293.2,61.7,64.8,1.765,53.5,3.663,2024
59,Jake Knapp,31,"$3,102,773",984,23,78,17,4,1,70.8,309.5,56.2,65.4,1.759,58.6,3.846,2024
60,Min Woo Lee,27,"$2,611,021",923,19,70,16,2,0,70.1,314.8,57.4,65.4,1.763,52.3,3.914,2024
61,Ben Griffin,29,"$3,459,847",895,35,116,25,5,0,69.1,295.6,59.2,69.8,1.747,55.3,4.129,2024
62,Erik van Rooyen,35,"$2,572,256",893,24,83,18,4,0,69.7,308.2,59.9,69.8,1.743,56.0,4.108,2024
63,Brendon Todd,40,"$2,461,227",860,28,99,22,2,0,70.4,279.8,68.1,63.1,1.738,58.6,3.646,2024
64,Taylor Moore,32,"$2,843,944",818,29,99,22,2,0,70.2,306.8,59.1,66.4,1.757,56.3,3.778,2024
65,Peter Malnati,38,"$2,520,248",814,29,78,13,2,1,71.0,297.7,52.7,61.4,1.765,57.6,3.397,2024
66,Grayson Murray,32,"$2,471,532",802,13,0,8,2,1,0.0,0.0,0.0,0.0,0.0,0.0,0.0,2024
67,Jordan Spieth,32,"$2,732,591",795,22,70,14,3,0,70.3,306.9,62.4,65.9,1.72,56.5,4.043,2024
68,Emiliano Grillo,33,"$2,355,824",765,23,85,20,2,0,70.5,292.5,63.6,65.9,1.751,55.2,3.6,2024
69,Mark Hubbard,36,"$2,757,076",755,30,103,25,3,0,69.5,294.7,66.7,68.2,1.742,54.8,4.107,2024
70,Jhonattan Vegas,41,"$2,309,280",739,23,75,15,1,1,69.3,313.9,59.1,72.3,1.749,44.2,4.227,2024
71,Victor Perez,33,"$2,068,163",708,22,72,15,3,0,69.8,301.1,60.1,68.5,1.765,51.1,3.556,2024
72,Davis Riley,29,"$2,163,701",647,26,76,13,1,1,70.4,303.6,56.6,64.3,1.759,57.4,3.987,2024
73,Andrew Putnam,36,"$2,054,544",625,27,83,18,2,0,69.9,280.8,65.7,68.9,1.759,56.8,3.855,2024
74,Kurt Kitayama,33,"$2,474,411",603,23,79,18,4,0,69.5,308.7,59.3,68.8,1.771,53.6,3.848,2024
75,Luke List,41,"$2,637,149",601,28,77,13,1,0,70.4,304.7,58.5,68.0,1.768,43.4,3.74,2024
75,Adam Svensson,32,"$2,014,485",601,32,107,23,2,0,70.2,297.4,65.7,67.5,1.787,57.3,3.561,2024
77,Keith Mitchell,34,"$2,340,999",599,28,85,17,4,0,69.3,311.8,59.1,70.4,1.765,54.9,4.494,2024
78,Lucas Glover,46,"$2,876,201",596,27,93,20,2,0,69.9,289.9,69.3,69.1,1.748,59.6,3.978,2024
78,Lee Hodges,30,"$2,479,597",596,30,94,18,2,0,70.3,296.6,66.7,68.1,1.788,60.8,3.617,2024
80,Adam Schenk,33,"$1,861,382",583,31,95,17,1,0,70.7,302.1,60.0,65.2,1.779,54.4,3.747,2024
81,Charley Hoffman,49,"$1,805,659",550,24,73,15,3,0,69.9,304.4,58.4,67.0,1.739,55.3,4.288,2024
82,Nicolai Højgaard,24,"$1,741,996",532,18,57,12,1,0,71.2,309.1,54.3,65.1,1.796,47.8,3.491,2024
83,Ben Kohles,35,"$1,853,159",531,29,89,17,2,0,70.3,290.9,70.6,70.0,1.768,50.8,3.775,2024
84,Ryo Hisatsune,23,"$1,637,598",522,27,88,17,1,0,69.7,295.4,63.4,70.4,1.761,51.5,3.92,2024
85,Beau Hossler,30,"$2,607,962",521,28,89,19,3,0,69.3,302.7,59.7,69.5,1.738,63.9,4.225,2024
86,Andrew Novak,30,"$2,507,992",518,26,86,18,5,0,69.1,298.7,58.8,71.2,1.735,65.2,4.116,2024
87,Harry Hall,28,"$1,779,095",517,25,83,17,2,1,69.2,301.5,57.5,66.4,1.708,62.0,4.518,2024
88,Brice Garnett,42,"$1,340,330",516,17,48,8,1,1,69.8,289.2,70.5,71.1,1.772,52.7,3.917,2024
89,Mac Meissner,26,"$1,456,769",475,25,75,15,3,0,69.4,302.8,62.0,70.0,1.761,59.3,3.987,2024
90,Kevin Yu,27,"$3,285,759",469,27,77,14,5,1,69.5,308.0,59.7,71.5,1.793,48.9,4.039,2024
91,Justin Lower,36,"$2,418,975",461,31,101,21,5,0,69.6,295.2,60.6,69.6,1.735,57.5,4.317,2024
92,Doug Ghim,29,"$2,435,308",460,29,94,19,2,0,69.2,297.2,68.0,72.6,1.772,58.3,4.0,2024
93,C.T. Pan,34,"$1,801,097",455,22,59,10,3,0,69.8,294.4,64.4,67.8,1.76,51.4,3.763,2024
94,Chan Kim,35,"$1,405,653",452,27,84,18,3,0,69.3,301.8,64.6,70.7,1.763,55.5,4.214,2024
94,Chris Gotterup,26,"$1,170,837",452,26,74,12,1,1,70.1,316.2,49.5,67.7,1.77,46.5,3.878,2024
96,Sam Stevens,29,"$1,701,220",436,30,102,24,4,0,69.4,306.3,59.4,70.0,1.757,59.4,4.186,2024
97,Chandler Phillips,29,"$1,714,290",427,27,87,18,2,0,69.4,295.1,64.4,65.4,1.72,50.9,4.276,2024
98,J.J. Spaun,35,"$1,645,746",419,28,80,16,4,0,69.7,301.5,61.7,70.9,1.761,56.8,4.088,2024
99,Sami Välimäki,27,"$1,273,129",418,22,63,9,1,0,70.4,299.2,59.9,65.1,1.747,53.4,3.698,2024
100,Tyrrell Hatton,34,"$1,191,868",413,6,0,5,1,0,0.0,0.0,0.0,0.0,0.0,0.0,0.0,2024
101,K.H. Lee,34,"$1,519,732",411,30,82,14,4,0,69.8,301.9,63.3,67.7,1.758,56.4,3.793,2024
102,Nate Lashley,43,"$1,471,105",393,28,77,13,1,0,69.9,293.0,67.0,70.0,1.791,53.8,3.636,2024
102,Rico Hoey,30,"$1,792,875",393,28,87,18,4,0,69.5,309.3,63.5,70.9,1.757,46.2,4.161,2024
104,Patrick Fishburn,33,"$1,928,584",384,26,73,13,5,0,69.3,308.8,62.7,74.2,1.775,46.7,4.11,2024
105,Matt Kuchar,47,"$1,469,667",382,26,76,13,1,0,70.3,288.3,66.1,66.4,1.754,59.1,3.513,2024
106,Ryan Fox,38,"$1,378,822",377,24,78,16,3,0,70.3,310.9,52.3,66.0,1.744,51.7,3.859,2024
107,David Skinns,43,"$1,225,402",376,28,85,15,2,0,70.2,302.8,55.2,70.0,1.777,47.8,3.824,2024
108,Rickie Fowler,37,"$1,767,709",374,23,80,17,1,0,70.7,297.7,60.6,65.0,1.754,60.2,3.775,2024
109,Ben Silverman,38,"$1,262,599",373,25,81,18,1,0,69.4,293.9,62.9,70.1,1.747,64.4,3.901,2024
110,Chad Ramey,33,"$1,266,025",367,30,86,16,1,0,70.1,293.9,65.1,68.8,1.762,57.8,3.953,2024
110,Nico Echavarria,31,"$3,583,634",367,30,92,17,4,1,69.5,295.4,65.3,70.1,1.734,58.5,4.228,2024
112,Matt Wallace,35,"$1,036,722",354,21,67,13,1,0,69.6,298.7,55.7,69.5,1.768,58.1,3.97,2024
113,Carson Young,31,"$1,937,622",346,30,90,17,3,0,69.5,295.6,70.5,69.6,1.761,57.3,4.233,2024
113,S.H. Kim,27,"$1,150,991",346,34,108,24,1,0,70.2,303.9,56.9,62.2,1.734,63.5,4.13,2024
115,Zac Blair,35,"$1,137,653",344,29,86,16,2,0,70.2,283.0,67.4,66.7,1.769,52.4,3.488,2024
116,Michael Kim,32,"$1,484,233",325,30,85,15,2,0,69.5,302.9,58.1,70.2,1.73,60.2,4.365,2024
116,Taylor Montgomery,30,"$1,154,178",325,21,58,11,0,0,70.7,289.7,49.1,60.5,1.724,54.1,3.862,2024
118,Joel Dahmen,38,"$1,340,088",320,30,92,18,1,0,70.1,294.0,67.4,71.0,1.776,50.5,3.859,2024
119,Dylan Wu,29,"$1,029,380",313,28,83,15,1,0,70.1,295.6,61.0,68.1,1.759,60.4,4.048,2024
120,Pierceson Coody,26,"$1,052,529",308,27,81,16,2,0,70.1,312.6,58.4,68.7,1.746,52.1,4.148,2024
120,Jacob Bridgeman,26,"$1,250,191",308,27,82,16,0,0,69.3,300.6,59.5,68.4,1.72,56.6,4.427,2024
122,Matt NeSmith,32,"$855,341",293,29,76,12,2,0,70.6,297.7,63.9,70.6,1.815,56.1,3.382,2024
123,Kevin Tway,37,"$973,927",285,20,60,12,2,0,69.6,306.2,62.3,70.3,1.759,60.0,3.767,2024
123,Vince Whaley,30,"$1,474,033",285,25,76,16,3,0,69.7,306.0,54.7,66.7,1.728,57.3,4.184,2024
125,Hayden Springer,29,"$1,149,279",283,26,75,14,4,0,69.7,311.1,59.4,69.2,1.755,64.5,4.213,2024
125,Matti Schmid,28,"$1,646,191",283,28,81,15,3,0,69.9,308.2,61.0,69.7,1.756,60.4,4.185,2024
127,Sam Ryder,36,"$1,136,740",282,29,79,14,1,0,70.3,292.8,65.8,67.9,1.74,56.0,4.241,2024
128,Carl Yuan,28,"$1,013,322",273,28,67,9,2,0,71.1,309.8,59.3,63.1,1.777,68.7,3.567,2024
129,Alejandro Tosti,29,"$1,086,746",267,28,72,12,2,0,70.9,315.6,52.9,65.1,1.764,45.3,4.042,2024
130,Alex Smalley,29,"$1,102,220",257,30,78,13,2,0,70.1,307.5,62.4,70.6,1.766,50.0,3.987,2024
131,Henrik Norlander,38,"$1,082,157",256,21,66,15,1,0,69.3,295.3,68.0,71.7,1.77,59.4,4.121,2024
132,Greyson Sigg,30,"$1,349,623",254,29,80,13,4,0,69.8,294.0,65.2,71.5,1.809,51.7,3.625,2024
133,Erik Barnes,38,"$719,536",248,24,58,8,1,0,71.7,302.3,53.7,61.6,1.795,51.5,3.552,2024
134,Patton Kizzire,39,"$1,908,579",241,24,65,11,3,1,69.7,301.7,63.3,72.0,1.752,61.4,4.338,2024
135,Jorge Campillo,39,"$605,997",235,17,52,10,1,0,69.9,296.7,61.8,66.3,1.77,41.9,3.712,2024
135,Trace Crowe,29,"$698,201",235,25,71,12,1,0,70.0,301.8,60.0,66.5,1.73,39.5,4.324,2024
137,Michael Thorbjornsen,24,"$1,281,590",232,11,0,6,3,0,0.0,0.0,0.0,0.0,0.0,0.0,0.0,2024
138,Chesson Hadley,38,"$628,066",227,26,70,12,2,0,70.1,305.0,59.5,68.4,1.774,58.5,3.914,2024
139,Hayden Buckley,29,"$686,629",224,29,74,12,2,0,71.0,298.0,65.5,65.8,1.791,56.0,3.514,2024
140,Daniel Berger,32,"$1,665,242",221,27,80,15,2,0,69.6,298.1,70.4,71.2,1.769,46.1,4.038,2024
141,Martin Trainer,34,"$692,415",220,22,50,5,1,0,71.5,302.2,55.2,62.1,1.791,59.6,3.28,2024
142,Troy Merritt,40,"$741,117",213,29,77,11,1,0,70.4,292.8,66.1,66.1,1.764,50.0,3.935,2024
142,Jimmy Stanger,30,"$604,066",213,15,0,6,1,0,0.0,0.0,0.0,0.0,0.0,0.0,0.0,2024
144,Robby Shelton,30,"$791,414",207,27,79,16,1,0,70.3,291.6,59.8,64.7,1.75,60.9,3.975,2024
145,Zach Johnson,49,"$496,380",202,18,52,9,0,0,70.0,284.1,66.3,66.2,1.773,56.0,4.019,2024
146,Ryan Moore,43,"$702,589",201,26,75,12,1,0,70.4,288.3,70.4,68.8,1.785,43.8,3.613,2024
147,Martin Laird,43,"$770,034",196,26,75,14,2,0,70.0,290.5,60.9,69.4,1.764,62.1,3.96,2024
148,Rafael Campos,37,"$1,857,846",188,25,60,7,2,1,70.5,303.8,60.0,68.3,1.787,56.3,3.883,2024
149,Joseph Bramlett,37,"$647,205",187,28,87,18,0,0,69.9,311.0,56.1,69.9,1.798,52.9,3.851,2024
150,Garrick Higgo,26,"$947,868",186,29,82,14,2,0,70.3,308.8,57.1,67.9,1.759,49.5,3.866,2024
151,Webb Simpson,40,"$606,011",183,16,51,10,0,0,70.8,300.2,58.9,61.8,1.769,58.0,3.49,2024
151,Ben Martin,38,"$605,828",183,15,0,9,1,0,0.0,0.0,0.0,0.0,0.0,0.0,0.0,2024
153,Brandon Wu,28,"$750,748",181,30,84,14,1,0,70.3,291.5,62.0,67.7,1.77,56.3,3.845,2024
154,Aaron Baddeley,44,"$471,410",175,25,76,14,0,0,70.8,283.4,57.9,63.4,1.742,68.6,3.579,2024
155,Gary Woodland,41,"$915,153",174,26,80,15,1,0,70.7,313.1,55.0,66.3,1.77,44.8,3.725,2024
156,Wesley Bryan,35,"$989,580",172,18,50,8,2,0,69.6,302.6,60.6,69.8,1.721,46.3,4.34,2024
157,Thorbjørn Olesen,36,"$500,887",170,16,48,9,0,0,70.6,302.1,55.5,63.8,1.751,58.6,3.854,2024
158,Ryan Brehm,39,"$518,538",162,28,63,7,1,0,71.7,309.0,57.8,66.1,1.821,52.8,3.302,2024
159,Chez Reavie,44,"$495,555",161,28,72,12,1,0,70.3,287.8,68.4,69.1,1.785,63.5,3.639,2024
160,Joe Highsmith,25,"$1,340,018",157,26,74,13,3,0,69.6,306.5,62.6,70.3,1.742,56.9,4.392,2024
161,Parker Coody,--,"$380,854",151,23,58,9,1,0,70.4,303.9,53.3,66.1,1.781,47.6,3.397,2024
162,Justin Suh,28,"$467,291",149,29,77,13,0,0,70.4,300.2,63.2,67.0,1.758,56.5,4.052,2024
163,Nick Hardy,29,"$770,435",148,29,87,17,1,0,70.3,304.5,59.4,70.5,1.787,50.8,3.943,2024
164,Cameron Champ,30,"$352,843",140,26,60,7,0,0,70.4,322.8,60.9,68.3,1.803,44.9,3.467,2024
165,David Lipsky,37,"$1,543,061",132,28,72,10,4,0,70.4,289.6,62.9,68.3,1.772,46.1,3.694,2024
166,Adrien Dumont de Chassart,25,"$822,656",130,27,77,13,2,0,70.5,302.6,55.5,66.2,1.769,48.5,3.74,2024
167,Kevin Chappell,39,"$521,738",126,19,56,12,0,0,70.2,300.7,59.5,68.3,1.773,59.3,3.821,2024
167,Alexander Björk,35,"$414,659",126,16,0,8,0,0,0.0,0.0,0.0,0.0,0.0,0.0,0.0,2024
169,Ryan McCormick,34,"$473,255",124,25,64,10,1,0,70.8,306.2,55.1,68.5,1.781,48.8,3.859,2024
170,Tyson Alexander,37,"$432,172",121,29,78,12,0,0,71.0,303.3,56.4,63.2,1.748,50.4,3.744,2024
171,Lanto Griffin,37,"$570,142",117,22,76,19,1,0,70.0,304.8,62.1,72.5,1.793,34.4,3.987,2024
172,Kelly Kraft,37,"$417,905",116,15,0,5,0,0,0.0,0.0,0.0,0.0,0.0,0.0,0.0,2024
173,Stewart Cink,52,"$378,476",113,16,0,8,0,0,0.0,0.0,0.0,0.0,0.0,0.0,0.0,2024
174,Tyler Duncan,36,"$428,016",111,26,74,13,0,0,70.6,297.6,67.0,67.6,1.806,52.1,3.365,2024
175,Roger Sloan,38,"$352,344",109,25,69,11,0,0,70.3,293.2,64.2,67.3,1.754,54.3,3.812,2024
176,S.Y. Noh,34,"$315,960",105,11,0,9,1,0,0.0,0.0,0.0,0.0,0.0,0.0,0.0,2024
177,Scott Stallings,40,"$258,915",99,9,0,3,0,0,0.0,0.0,0.0,0.0,0.0,0.0,0.0,2024
178,Kevin Streelman,47,"$761,677",94,25,72,12,1,0,70.3,297.5,64.3,68.1,1.762,59.6,3.819,2024
179,Paul Barjon,33,"$328,507",92,27,57,5,1,0,71.7,313.0,57.5,63.0,1.804,53.8,3.561,2024
180,Padraig Harrington,54,"$170,534",91,7,0,2,0,0,0.0,0.0,0.0,0.0,0.0,0.0,0.0,2024
181,Callum Tarren,35,"$287,924",89,29,73,10,0,0,71.1,306.9,53.0,66.4,1.812,50.0,3.521,2024
182,Austin Cook,34,"$230,622",84,17,0,4,1,0,0.0,0.0,0.0,0.0,0.0,0.0,0.0,2024
183,Tom Whitney,36,"$493,082",82,27,71,11,0,0,70.7,296.5,65.4,69.2,1.78,50.0,3.901,2024
184,Ben Taylor,33,"$258,058",79,28,65,8,1,0,71.3,299.4,54.5,63.7,1.772,53.2,3.354,2024
185,Sean O'Hair,43,"$175,537",78,14,0,6,0,0,0.0,0.0,0.0,0.0,0.0,0.0,0.0,2024
186,Bud Cauley,35,"$638,703",76,17,54,10,1,0,69.7,299.7,61.7,70.6,1.783,60.3,3.722,2024
187,Kevin Dougherty,34,"$219,150",72,26,65,9,0,0,70.7,316.8,56.2,68.8,1.818,44.6,3.615,2024
188,Bronson Burgoon,38,"$222,850",69,8,0,5,0,0,0.0,0.0,0.0,0.0,0.0,0.0,0.0,2024
189,Austin Smotherman,31,"$414,237",62,16,53,13,1,0,69.9,299.8,64.8,73.2,1.795,50.9,3.736,2024
190,Scott Piercy,47,"$259,346",59,14,0,8,0,0,0.0,0.0,0.0,0.0,0.0,0.0,0.0,2024
191,Ryan Palmer,49,"$163,716",54,18,45,6,0,0,71.0,298.8,65.1,63.2,1.814,60.6,3.489,2024
192,Norman Xiong,27,"$234,154",53,18,0,7,1,0,0.0,0.0,0.0,0.0,0.0,0.0,0.0,2024
193,Cody Gribble,35,"$107,722",48,13,0,4,0,0,0.0,0.0,0.0,0.0,0.0,0.0,0.0,2024
194,Camilo Villegas,44,"$232,296",45,26,61,6,0,0,71.7,284.9,57.8,66.3,1.809,53.1,3.525,2024
194,Harrison Endycott,29,"$112,809",45,15,0,5,0,0,0.0,0.0,0.0,0.0,0.0,0.0,0.0,2024
196,Vincent Norrman,28,"$192,332",43,19,49,7,0,0,71.7,311.0,58.3,68.3,1.864,30.9,3.0,2024
197,Kevin Kisner,41,"$175,278",37,23,57,6,0,0,71.8,282.8,62.2,62.3,1.807,50.6,3.193,2024
197,Wilson Furr,27,"$221,091",37,25,59,8,0,0,70.9,311.7,54.2,66.5,1.78,45.9,3.627,2024
199,Bill Haas,43,"$98,084",36,14,0,4,0,0,0.0,0.0,0.0,0.0,0.0,0.0,0.0,2024
200,James Hahn,44,"$98,669",35,13,0,5,0,0,0.0,0.0,0.0,0.0,0.0,0.0,0.0,2024
201,Nick Watney,44,"$137,940",33,13,0,3,0,0,0.0,0.0,0.0,0.0,0.0,0.0,0.0,2024
202,MJ Daffue,37,"$74,076",32,9,0,5,0,0,0.0,0.0,0.0,0.0,0.0,0.0,0.0,2024
203,Richy Werenski,34,"$90,455",31,9,0,4,0,0,0.0,0.0,0.0,0.0,0.0,0.0,0.0,2024
204,William McGirt,46,"$100,592",29,8,0,5,0,0,0.0,0.0,0.0,0.0,0.0,0.0,0.0,2024
205,Francesco Molinari,43,"$259,679",27,15,0,6,0,0,0.0,0.0,0.0,0.0,0.0,0.0,0.0,2024
206,Russell Knox,40,"$87,950",25,10,0,3,0,0,0.0,0.0,0.0,0.0,0.0,0.0,0.0,2024
207,Zecheng Dou,28,"$43,568",23,9,0,3,0,0,0.0,0.0,0.0,0.0,0.0,0.0,0.0,2024
208,Brandt Snedeker,45,"$238,234",20,26,61,6,0,0,71.6,281.0,62.0,63.7,1.782,51.7,3.475,2024
208,Will Gordon,29,"$179,220",20,16,0,7,0,0,0.0,0.0,0.0,0.0,0.0,0.0,0.0,2024
210,Nicholas Lindheim,41,"$67,855",19,15,0,2,0,0,0.0,0.0,0.0,0.0,0.0,0.0,0.0,2024
211,Blaine Hale Jr.,28,"$108,473",16,24,55,6,0,0,71.4,307.1,53.5,65.3,1.774,41.8,3.655,2024
212,José María Olazábal,59,"$57,200",15,1,0,1,0,0,0.0,0.0,0.0,0.0,0.0,0.0,0.0,2024
212,Danny Willett,38,"$84,200",15,4,0,2,0,0,0.0,0.0,0.0,0.0,0.0,0.0,0.0,2024
214,Scott Gutschewski,49,"$53,135",12,20,0,4,0,0,0.0,0.0,0.0,0.0,0.0,0.0,0.0,2024
214,Tommy Gainey,50,"$21,480",12,5,0,2,0,0,0.0,0.0,0.0,0.0,0.0,0.0,0.0,2024
214,Sung Kang,38,"$33,725",12,8,0,1,0,0,0.0,0.0,0.0,0.0,0.0,0.0,0.0,2024
214,Robert Streb,38,"$45,034",12,7,0,3,0,0,0.0,0.0,0.0,0.0,0.0,0.0,0.0,2024
218,Harry Higgs,34,"$64,180",11,7,0,3,0,0,0.0,0.0,0.0,0.0,0.0,0.0,0.0,2024
218,Adrian Meronk,32,"$45,238",11,4,0,1,0,0,0.0,0.0,0.0,0.0,0.0,0.0,0.0,2024
220,Adam Long,38,"$32,063",10,13,0,2,0,0,0.0,0.0,0.0,0.0,0.0,0.0,0.0,2024
221,Vijay Singh,62,"$45,000",9,1,0,1,0,0,0.0,0.0,0.0,0.0,0.0,0.0,0.0,2024
221,Raul Pereda,29,"$48,617",9,24,50,4,0,0,72.1,290.1,56.8,57.3,1.806,62.0,2.96,2024
223,Tiger Woods,50,"$44,400",8,5,0,1,0,0,0.0,0.0,0.0,0.0,0.0,0.0,0.0,2024
224,Josh Teater,46,"$62,192",7,25,55,4,0,0,71.4,298.1,63.7,68.4,1.806,52.4,3.436,2024
225,Luke Donald,48,"$23,538",6,7,0,1,0,0,0.0,0.0,0.0,0.0,0.0,0.0,0.0,2024
225,Dylan Frittelli,35,"$18,924",6,5,0,1,0,0,0.0,0.0,0.0,0.0,0.0,0.0,0.0,2024
227,Darren Clarke,57,"$38,525",5,1,0,1,0,0,0.0,0.0,0.0,0.0,0.0,0.0,0.0,2024
227,Jimmy Walker,47,"$9,848",5,7,0,1,0,0,0.0,0.0,0.0,0.0,0.0,0.0,0.0,2024
227,Jonathan Byrd,47,"$37,287",5,6,0,2,0,0,0.0,0.0,0.0,0.0,0.0,0.0,0.0,2024
227,Alex Cejka,55,"$38,525",5,1,0,1,0,0,0.0,0.0,0.0,0.0,0.0,0.0,0.0,2024
227,Jim Herman,48,"$10,253",5,5,0,1,0,0,0.0,0.0,0.0,0.0,0.0,0.0,0.0,2024
232,David Hearn,46,"$19,458",3,1,0,1,0,0,0.0,0.0,0.0,0.0,0.0,0.0,0.0,2024
232,Kyle Stanley,38,"$8,800",3,2,0,1,0,0,0.0,0.0,0.0,0.0,0.0,0.0,0.0,2024
232,Sangmoon Bae,39,"$34,900",3,6,0,3,0,0,0.0,0.0,0.0,0.0,0.0,0.0,0.0,2024
232,Paul Haley II,37,"$9,160",3,4,0,1,0,0,0.0,0.0,0.0,0.0,0.0,0.0,0.0,2024
232,Anders Albertson,32,"$8,760",3,6,0,1,0,0,0.0,0.0,0.0,0.0,0.0,0.0,0.0,2024
237,Chris Stroud,43,"$8,200",2,1,0,1,0,0,0.0,0.0,0.0,0.0,0.0,0.0,0.0,2024
237,Ryan Armour,49,"$8,360",2,3,0,1,0,0,0.0,0.0,0.0,0.0,0.0,0.0,0.0,2024
237,Brian Stuard,43,"$8,360",2,2,0,1,0,0,0.0,0.0,0.0,0.0,0.0,0.0,0.0,2024
1,Scottie Scheffler,29,"$27,659,550",7456,20,80,20,17,6,68.0,308.3,63.0,71.4,1.693,57.7,4.7,2025
2,Rory McIlroy,36,"$16,992,418",3687,16,58,14,8,3,69.1,323.0,51.2,67.7,1.716,56.0,4.224,2025
3,J.J. Spaun,35,"$13,278,222",3493,25,91,21,7,1,69.5,306.1,62.0,69.5,1.741,60.3,4.11,2025
4,Justin Rose,45,"$8,857,976",3326,18,58,11,5,1,70.6,301.9,58.5,64.0,1.72,59.3,4.19,2025
5,Tommy Fleetwood,34,"$18,496,238",2923,19,74,18,8,1,69.4,299.4,65.4,65.8,1.715,59.6,4.162,2025
6,Ben Griffin,29,"$11,724,352",2798,30,104,23,12,3,69.2,305.1,60.0,69.7,1.735,63.5,4.106,2025
7,Russell Henley,36,"$14,707,570",2795,19,72,17,10,1,69.3,289.1,68.7,70.1,1.738,60.8,4.125,2025
8,Sepp Straka,32,"$10,650,894",2783,22,76,17,6,2,69.5,297.9,65.7,70.2,1.728,57.4,4.289,2025
9,Robert MacIntyre,29,"$8,467,191",2750,23,84,20,6,0,69.5,302.7,61.5,68.7,1.766,64.5,4.06,2025
10,Maverick McNealy,30,"$8,322,575",2547,26,94,21,7,0,69.9,306.8,59.1,68.1,1.755,52.3,3.872,2025
11,Harris English,36,"$8,840,132",2512,23,88,21,4,1,69.9,304.3,61.8,66.7,1.76,61.9,3.568,2025
12,Justin Thomas,32,"$10,896,155",2477,21,80,19,8,1,69.7,305.3,53.3,65.3,1.68,62.9,4.463,2025
13,Cameron Young,28,"$8,789,813",2184,25,87,18,8,1,70.1,313.2,53.9,64.2,1.704,60.4,4.299,2025
14,Ludvig Åberg,26,"$8,276,973",2179,20,69,15,6,1,70.0,313.9,59.5,66.2,1.74,62.7,4.159,2025
15,Andrew Novak,30,"$7,788,219",2029,27,89,18,6,1,70.4,301.3,57.2,61.5,1.732,61.9,3.719,2025
16,Keegan Bradley,39,"$8,702,812",1992,21,80,19,6,1,69.9,306.4,61.4,66.0,1.742,60.9,3.825,2025
17,Sam Burns,29,"$6,801,982",1871,25,94,22,6,0,69.6,307.5,60.2,66.1,1.704,63.0,4.245,2025
18,Brian Harman,38,"$5,547,660",1735,24,89,20,4,1,70.2,294.6,63.3,65.7,1.754,62.0,3.73,2025
19,Corey Conners,34,"$8,167,903",1719,21,81,19,7,0,70.0,298.2,66.6,69.2,1.761,54.9,3.864,2025
20,Patrick Cantlay,33,"$9,441,931",1661,20,74,17,5,0,69.8,305.9,58.9,70.0,1.734,55.4,4.135,2025
21,Collin Morikawa,28,"$7,915,347",1655,21,76,18,4,0,69.9,298.3,70.7,69.2,1.748,58.3,4.013,2025
22,Viktor Hovland,28,"$5,824,239",1637,18,65,14,3,1,70.0,303.3,63.1,67.3,1.742,59.0,4.2,2025
23,Hideki Matsuyama,33,"$6,650,152",1630,23,86,20,1,1,69.8,300.2,58.5,65.7,1.748,70.5,4.023,2025
24,Shane Lowry,38,"$7,082,794",1607,20,70,16,4,0,70.1,298.1,63.0,67.1,1.769,56.7,3.586,2025
25,Nick Taylor,37,"$5,431,209",1564,24,82,18,3,1,69.9,295.2,66.6,68.9,1.778,56.6,3.768,2025
26,Harry Hall,28,"$4,309,601",1475,25,94,22,5,0,68.8,303.6,58.1,65.0,1.677,58.6,4.564,2025
26,Jacob Bridgeman,26,"$4,437,269",1475,30,94,18,5,0,69.9,302.2,60.6,65.2,1.747,60.3,4.0,2025
28,Sungjae Im,27,"$5,082,896",1422,28,97,20,3,0,70.3,296.9,68.0,62.6,1.729,59.5,3.938,2025
29,Chris Gotterup,26,"$4,844,784",1414,28,91,18,4,1,69.3,316.7,55.7,70.3,1.761,60.2,4.066,2025
30,Akshay Bhatia,23,"$4,882,187",1409,26,87,19,4,0,69.9,298.7,60.5,67.5,1.72,61.2,4.287,2025
31,Michael Kim,32,"$4,105,211",1400,27,96,21,4,0,70.2,299.7,58.9,65.0,1.769,71.5,3.531,2025
32,Rickie Fowler,37,"$3,441,954",1372,21,77,18,3,0,69.8,305.3,63.7,65.3,1.74,57.5,3.987,2025
33,Taylor Pendrith,34,"$3,978,452",1366,23,82,18,4,0,70.0,311.2,58.7,69.0,1.782,57.4,3.878,2025
34,Matt Fitzpatrick,31,"$3,831,413",1304,21,74,17,5,0,70.1,302.7,61.3,66.7,1.758,67.0,3.757,2025
35,Kurt Kitayama,33,"$3,476,376",1298,24,74,16,4,1,69.3,318.0,57.8,67.8,1.72,53.3,4.297,2025
36,Lucas Glover,46,"$4,397,743",1296,22,75,15,5,0,70.3,292.3,68.4,65.4,1.75,58.4,3.853,2025
37,Si Woo Kim,30,"$4,184,686",1278,30,99,21,3,0,69.7,297.4,66.8,66.7,1.734,63.3,4.101,2025
38,Sam Stevens,29,"$4,392,752",1263,31,108,24,4,0,70.1,305.5,59.7,66.2,1.778,59.2,3.63,2025
39,Ryan Gerard,26,"$3,872,916",1250,29,98,23,4,1,70.1,303.2,63.4,65.8,1.765,57.6,3.633,2025
40,Denny McCarthy,32,"$3,871,251",1242,23,88,21,2,0,70.1,295.3,60.8,66.4,1.752,58.1,3.682,2025
41,Jason Day,38,"$3,740,375",1241,17,62,14,4,0,70.0,300.3,61.1,66.0,1.73,55.7,3.887,2025
42,Xander Schauffele,32,"$4,839,866",1220,16,64,16,4,1,70.1,311.9,55.6,66.9,1.778,54.5,3.922,2025
43,Ryan Fox,38,"$3,981,947",1209,21,70,15,2,2,70.2,308.7,52.3,64.2,1.722,54.8,3.914,2025
44,Thomas Detry,33,"$3,651,876",1184,24,82,18,2,1,70.6,306.5,56.8,65.2,1.785,62.2,3.537,2025
45,Daniel Berger,32,"$4,115,448",1180,22,79,17,2,0,70.3,302.9,66.4,68.2,1.782,47.3,3.709,2025
46,Brian Campbell,32,"$3,370,767",1160,24,68,11,2,2,71.1,278.4,66.8,61.2,1.738,55.4,3.721,2025
47,Bud Cauley,35,"$3,321,090",1133,22,74,16,4,0,70.1,301.4,61.2,65.9,1.753,60.6,3.824,2025
48,Tom Hoge,36,"$4,201,600",1124,29,92,18,4,0,70.9,296.3,60.5,62.9,1.754,64.7,3.717,2025
49,J.T. Poston,32,"$3,233,502",1102,26,92,21,2,0,70.2,295.6,66.1,66.2,1.757,59.6,3.793,2025
50,Jhonattan Vegas,41,"$2,795,198",1047,21,71,15,2,0,70.8,309.0,54.2,66.8,1.787,51.2,3.718,2025
51,Chris Kirk,40,"$2,964,600",962,23,78,16,3,0,70.1,297.7,61.2,68.0,1.75,50.9,3.808,2025
52,Aldrich Potgieter,21,"$3,038,146",961,20,55,7,3,1,70.6,325.0,55.6,64.5,1.743,60.5,3.909,2025
53,Aaron Rai,30,"$3,274,601",957,21,72,16,2,0,70.0,289.6,73.9,70.5,1.784,61.2,3.847,2025
54,Jordan Spieth,32,"$3,159,660",927,19,68,16,4,0,70.1,306.6,58.1,64.6,1.722,60.9,3.897,2025
55,Jake Knapp,31,"$3,012,401",889,23,77,16,4,0,69.5,313.4,55.6,67.6,1.721,61.4,4.416,2025
56,Wyndham Clark,32,"$2,883,112",875,24,82,18,2,0,70.1,311.7,55.5,65.9,1.728,55.1,4.146,2025
57,Min Woo Lee,27,"$3,301,286",864,19,66,14,2,1,70.6,313.8,55.5,63.8,1.753,64.4,3.788,2025
58,Max Greyserman,30,"$3,798,185",855,28,93,19,3,0,70.3,308.6,55.8,65.4,1.726,60.8,4.151,2025
59,Joe Highsmith,25,"$2,820,859",843,31,82,12,2,1,71.1,299.9,61.6,61.7,1.751,60.1,3.707,2025
60,Stephan Jaeger,36,"$2,684,801",763,27,89,18,3,0,70.3,306.3,54.7,64.8,1.731,62.2,4.056,2025
61,Davis Riley,29,"$2,496,448",739,29,86,14,3,0,70.7,305.0,55.1,63.1,1.733,55.4,3.814,2025
62,Nico Echavarria,31,"$2,891,343",734,27,89,18,4,0,69.8,294.7,64.5,67.2,1.718,61.6,4.101,2025
63,Kevin Yu,27,"$2,536,810",732,29,93,18,2,0,69.5,309.4,63.3,70.7,1.737,52.6,4.247,2025
64,Patrick Rodgers,33,"$2,793,088",730,31,98,19,3,0,69.8,309.1,60.0,66.2,1.746,52.9,4.071,2025
65,Mackenzie Hughes,35,"$2,497,976",726,27,88,17,4,0,70.4,301.3,56.8,65.5,1.779,54.5,3.523,2025
66,Tony Finau,36,"$2,551,493",706,20,71,15,1,0,71.0,304.9,56.9,64.9,1.781,51.9,3.648,2025
67,Matti Schmid,28,"$2,303,222",682,27,88,16,5,0,69.9,310.9,57.0,68.6,1.743,52.7,4.25,2025
68,Emiliano Grillo,33,"$2,315,983",668,28,93,20,2,0,69.8,300.3,68.5,68.5,1.739,58.6,3.978,2025
69,Cam Davis,30,"$2,093,245",656,23,64,11,1,0,71.1,302.2,53.9,62.6,1.742,54.5,3.719,2025
70,Erik van Rooyen,35,"$2,142,196",652,25,68,12,3,0,70.5,307.9,59.3,66.8,1.741,48.1,3.956,2025
71,Davis Thompson,26,"$2,439,587",615,27,90,18,1,0,70.0,304.7,64.1,69.5,1.76,51.8,4.1,2025
72,Gary Woodland,41,"$2,044,795",599,22,76,16,1,0,70.0,313.0,59.0,67.5,1.756,53.9,3.697,2025
73,Nicolai Højgaard,24,"$1,897,477",596,17,52,10,3,0,69.5,318.8,53.2,70.4,1.739,52.9,4.346,2025
74,Byeong Hun An,34,"$2,652,079",595,27,92,19,3,0,70.4,306.6,54.3,65.8,1.747,57.7,3.826,2025
75,Keith Mitchell,34,"$2,014,835",589,25,84,18,3,0,69.3,314.2,60.4,70.5,1.75,60.8,4.429,2025
76,Christiaan Bezuidenhout,31,"$2,434,490",579,26,89,19,3,0,70.1,290.0,65.5,66.5,1.752,58.1,3.517,2025
77,Mark Hubbard,36,"$1,763,551",558,31,96,20,3,0,70.0,300.7,62.1,67.5,1.754,54.0,4.042,2025
78,Kevin Roy,35,"$1,734,139",556,29,87,18,3,0,69.5,305.6,65.4,69.0,1.744,55.4,3.977,2025
79,Alex Smalley,29,"$2,337,573",554,28,86,16,4,0,69.4,306.2,64.0,68.7,1.755,58.9,4.174,2025
80,Eric Cole,37,"$2,369,702",549,32,107,22,4,0,70.2,297.7,57.9,64.1,1.718,60.7,4.056,2025
81,William Mouw,25,"$1,597,314",542,24,73,13,3,1,69.7,309.5,61.9,70.6,1.775,70.3,4.096,2025
82,Matt McCarty,28,"$2,308,452",535,26,85,17,3,0,69.7,298.9,65.1,66.8,1.735,53.2,4.224,2025
83,Karl Vilips,24,"$1,479,028",515,21,62,11,2,1,70.2,308.5,56.6,67.7,1.741,52.0,3.952,2025
84,Ryo Hisatsune,23,"$1,835,136",504,30,92,19,4,0,70.1,297.5,62.1,69.4,1.78,64.3,3.652,2025
85,Rasmus Højgaard,24,"$2,103,443",500,20,66,14,2,0,70.2,314.9,55.7,66.8,1.769,52.8,4.136,2025
86,Mac Meissner,26,"$1,762,863",495,27,84,17,1,0,69.9,304.5,60.1,67.4,1.761,63.7,3.845,2025
87,Sami Välimäki,27,"$3,388,761",463,26,85,17,4,1,69.7,295.9,62.4,69.0,1.736,48.9,4.165,2025
88,Michael Thorbjornsen,24,"$2,286,658",454,26,83,17,5,0,69.2,317.8,64.2,73.6,1.765,50.0,4.349,2025
89,Beau Hossler,30,"$1,533,612",453,29,94,21,1,0,70.2,303.9,54.9,64.5,1.728,61.6,3.936,2025
90,Adam Scott,45,"$1,803,164",451,18,66,15,0,0,70.6,304.9,58.3,66.1,1.764,65.2,3.864,2025
91,David Lipsky,37,"$1,411,093",442,30,82,14,3,0,70.3,293.6,65.3,67.5,1.772,62.7,3.732,2025
92,Matt Wallace,35,"$1,570,460",439,26,79,15,2,0,69.8,302.9,59.7,67.7,1.776,57.8,3.772,2025
93,Joel Dahmen,38,"$1,231,952",433,28,75,12,3,0,70.0,298.4,71.2,69.0,1.77,50.0,3.813,2025
94,Tom Kim,23,"$1,496,889",426,26,86,17,1,0,70.8,299.3,60.0,63.5,1.768,58.7,3.535,2025
95,Andrew Putnam,36,"$1,371,617",423,28,82,17,2,0,69.7,280.5,71.8,70.3,1.755,64.0,3.756,2025
95,Patrick Fishburn,33,"$1,408,119",423,30,87,16,4,0,69.8,305.6,58.3,71.6,1.781,47.5,3.874,2025
97,Max McGreevy,30,"$2,522,721",412,31,90,17,4,0,69.7,298.2,68.8,68.8,1.75,58.0,4.044,2025
98,Danny Walker,30,"$1,561,918",411,26,69,10,2,0,70.5,307.4,55.9,65.0,1.735,54.5,4.261,2025
99,Garrick Higgo,26,"$2,448,383",406,15,48,11,5,1,68.9,312.9,58.1,71.6,1.703,47.5,4.958,2025
100,Taylor Moore,32,"$1,424,004",405,27,82,16,2,0,70.0,308.3,59.0,68.0,1.758,48.8,3.951,2025
101,Vince Whaley,30,"$1,869,447",404,30,100,23,4,0,69.4,307.7,56.2,68.4,1.725,63.2,4.0,2025
102,Billy Horschel,39,"$1,483,614",399,14,0,9,2,0,0.0,0.0,0.0,0.0,0.0,0.0,0.0,2025
103,Lee Hodges,30,"$1,617,203",383,25,78,16,4,0,69.3,299.7,65.0,71.2,1.756,56.2,3.987,2025
103,Isaiah Salinda,28,"$1,363,322",383,26,73,14,2,0,70.4,311.3,62.1,68.9,1.785,61.9,4.123,2025
105,Alex Noren,43,"$1,346,680",382,11,0,7,2,0,0.0,0.0,0.0,0.0,0.0,0.0,0.0,2025
106,Rico Hoey,30,"$2,536,072",376,31,100,22,6,0,69.3,307.7,67.7,73.1,1.784,44.7,4.22,2025
107,Austin Eckroat,27,"$1,675,705",371,27,86,17,0,0,70.4,300.3,66.1,68.6,1.778,63.1,3.884,2025
108,Sam Ryder,36,"$1,314,035",368,28,88,20,0,0,69.8,300.4,60.9,65.9,1.724,61.5,4.08,2025
109,Victor Perez,33,"$1,341,741",367,25,0,17,1,0,0.0,304.4,64.7,71.6,1.774,54.1,0.0,2025
110,Jesper Svensson,29,"$1,292,826",363,26,89,19,1,0,69.6,318.6,56.7,67.7,1.746,57.3,4.303,2025
111,Max Homa,35,"$1,636,827",351,24,73,15,2,0,70.6,300.8,60.5,66.4,1.747,69.3,3.89,2025
112,Harry Higgs,34,"$908,846",338,28,82,16,1,0,70.8,307.2,59.2,65.2,1.76,55.7,3.829,2025
113,Chan Kim,35,"$1,007,294",334,29,81,14,2,0,70.1,302.5,60.9,67.7,1.76,54.0,3.852,2025
114,Alejandro Tosti,29,"$1,010,144",333,20,52,9,3,0,70.2,314.2,56.1,64.5,1.755,53.5,3.75,2025
115,Henrik Norlander,38,"$1,015,479",327,28,85,16,1,0,70.1,295.2,64.3,69.0,1.778,63.9,3.635,2025
116,Ricky Castillo,24,"$1,444,455",324,28,80,15,2,0,69.7,311.0,60.6,69.5,1.77,55.1,3.988,2025
117,Jackson Suber,--,"$1,254,486",320,27,75,13,3,0,70.1,308.1,57.3,68.4,1.765,52.8,3.987,2025
118,Chad Ramey,33,"$1,490,602",319,29,83,14,4,0,69.9,299.2,64.2,68.7,1.735,61.0,3.904,2025
119,Justin Lower,36,"$1,299,525",314,29,80,13,3,0,70.5,299.3,64.5,67.2,1.759,56.9,3.775,2025
120,Thorbjørn Olesen,36,"$1,438,925",311,24,78,16,3,0,69.4,304.7,64.3,71.7,1.767,49.1,3.987,2025
121,Hayden Springer,29,"$1,031,846",304,23,72,17,1,0,70.0,309.2,58.0,65.9,1.733,53.1,4.236,2025
121,Kris Ventura,30,"$1,180,201",304,28,84,17,1,0,69.8,310.8,62.7,69.6,1.739,51.1,4.083,2025
123,Zach Johnson,49,"$918,478",298,17,49,8,1,0,70.2,285.6,69.2,69.3,1.751,66.7,3.633,2025
124,Chandler Phillips,29,"$1,518,764",294,28,79,14,2,0,70.3,297.2,61.3,65.0,1.746,56.3,3.696,2025
125,Paul Peterson,37,"$848,337",291,26,64,10,2,0,70.0,281.7,73.1,67.4,1.726,58.7,3.969,2025
126,Doug Ghim,29,"$1,190,108",288,27,86,20,1,0,69.9,302.9,64.3,70.7,1.779,56.0,3.942,2025
127,Matt Kuchar,47,"$1,310,380",285,18,68,16,1,0,69.7,282.2,66.0,66.3,1.725,58.2,4.0,2025
127,Carson Young,31,"$1,060,007",285,27,78,15,3,0,70.1,294.8,67.2,69.5,1.758,61.1,4.0,2025
129,Brandt Snedeker,45,"$1,192,940",280,25,70,12,3,0,69.9,284.2,69.0,66.7,1.737,63.9,3.814,2025
130,Séamus Power,38,"$1,318,706",279,27,82,16,2,0,69.9,298.7,63.8,69.0,1.772,60.2,3.915,2025
131,Jeremy Paul,31,"$823,634",271,26,74,14,1,0,69.8,304.9,57.6,69.1,1.755,60.2,3.865,2025
131,Cameron Champ,30,"$761,464",271,16,0,9,1,0,0.0,0.0,0.0,0.0,0.0,0.0,0.0,2025
133,Adam Schenk,33,"$2,016,294",258,29,77,12,3,1,70.4,304.6,56.4,65.1,1.772,59.1,3.844,2025
134,Takumi Kanaya,27,"$1,463,762",257,29,81,12,4,0,69.7,292.1,74.1,66.3,1.76,58.1,3.753,2025
135,Nick Dunlap,22,"$1,170,325",255,25,74,13,2,0,71.3,299.3,51.1,65.4,1.762,58.9,3.676,2025
136,David Skinns,43,"$783,457",254,27,75,13,3,0,70.3,308.3,58.6,68.6,1.766,56.3,3.773,2025
136,Adam Hadwin,38,"$1,079,946",254,29,87,17,1,0,70.5,299.8,62.1,66.2,1.751,61.8,3.862,2025
138,Will Zalatoris,29,"$1,001,003",249,11,0,9,0,0,0.0,0.0,0.0,0.0,0.0,0.0,0.0,2025
139,Pierceson Coody,26,"$1,171,494",248,17,52,12,2,0,69.0,311.5,63.3,72.2,1.769,57.6,4.481,2025
140,Steven Fisk,28,"$1,804,525",246,27,81,15,2,1,69.8,311.0,60.9,71.7,1.784,49.5,3.815,2025
141,Will Gordon,29,"$808,904",235,25,62,10,2,0,70.6,312.6,58.1,69.4,1.814,56.2,3.452,2025
142,Lanto Griffin,37,"$1,037,926",234,29,71,12,2,0,70.4,300.1,61.5,66.9,1.767,50.0,3.831,2025
143,Charley Hoffman,49,"$715,102",231,15,0,8,2,0,0.0,0.0,0.0,0.0,0.0,0.0,0.0,2025
144,Noah Goodwin,25,"$796,403",219,25,71,13,1,0,70.1,300.1,66.8,68.0,1.753,53.8,3.887,2025
145,Nate Lashley,43,"$559,402",217,20,53,10,0,0,70.1,299.4,60.1,67.3,1.79,52.5,3.434,2025
145,Quade Cummins,--,"$556,303",217,27,80,17,0,0,70.2,305.7,57.8,66.2,1.748,66.1,3.788,2025
147,Sahith Theegala,28,"$977,539",209,23,75,15,0,0,70.9,301.3,57.0,65.6,1.753,51.2,3.907,2025
148,Antoine Rozner,32,"$710,529",207,22,75,16,0,0,70.2,308.1,58.5,69.9,1.769,51.2,3.907,2025
149,Thriston Lawrence,29,"$728,082",206,19,52,7,1,0,71.1,299.5,63.0,67.1,1.807,50.8,3.519,2025
150,Brice Garnett,42,"$631,678",199,23,68,12,0,0,69.9,291.2,69.4,70.1,1.775,61.3,3.574,2025
150,Matteo Manassero,32,"$617,348",199,18,52,9,1,0,70.2,286.0,60.1,65.0,1.776,68.2,3.442,2025
152,Ben Kohles,35,"$658,427",198,28,84,17,1,0,69.7,295.2,73.1,72.9,1.77,51.1,3.881,2025
152,Taylor Montgomery,30,"$824,353",198,23,66,12,2,0,69.7,302.0,51.4,63.6,1.687,61.3,4.303,2025
154,Frankie Capan III,26,"$1,108,327",191,28,69,10,3,0,71.2,301.5,45.8,60.1,1.747,56.7,3.493,2025
155,Joseph Bramlett,37,"$489,712",176,19,46,8,1,0,70.0,316.4,55.9,69.6,1.774,44.7,4.109,2025
155,Trey Mullinax,33,"$615,755",176,23,70,13,0,0,70.0,312.3,52.6,69.8,1.743,50.0,4.143,2025
157,Luke List,41,"$634,020",175,28,74,13,2,0,70.7,309.8,63.2,67.2,1.794,62.6,3.554,2025
158,Danny Willett,38,"$550,599",168,15,0,7,1,0,0.0,0.0,0.0,0.0,0.0,0.0,0.0,2025
159,Will Chandler,--,"$567,658",165,29,75,11,1,0,71.6,300.3,61.0,63.4,1.777,65.5,3.427,2025
160,Greyson Sigg,30,"$777,250",164,27,77,14,1,0,69.9,295.2,65.4,70.3,1.795,54.1,3.61,2025
161,Niklas Norgaard,33,"$543,656",162,21,58,9,1,0,70.2,315.3,51.6,69.9,1.764,52.0,4.052,2025
162,Adam Svensson,32,"$487,188",158,29,79,13,0,0,70.2,295.7,66.0,69.5,1.795,61.5,3.582,2025
163,Ben Silverman,38,"$766,836",157,27,73,13,1,0,70.1,299.7,64.2,67.4,1.756,55.6,3.808,2025
164,Camilo Villegas,44,"$733,788",150,27,71,14,2,0,70.7,290.0,53.2,64.2,1.724,58.9,4.0,2025
165,Nick Hardy,29,"$432,097",145,27,63,7,1,0,70.4,310.8,58.3,70.6,1.785,54.5,3.698,2025
166,Matthieu Pavon,33,"$634,425",144,26,82,16,0,0,71.5,299.1,62.8,65.4,1.787,52.6,3.415,2025
166,Thomas Rosenmueller,28,"$556,197",144,26,77,16,0,0,69.9,309.0,62.4,72.2,1.776,41.7,4.0,2025
168,Taylor Dickson,33,"$463,642",135,26,67,10,1,0,71.4,300.4,61.5,63.6,1.807,51.4,3.343,2025
169,Webb Simpson,40,"$382,319",131,11,0,6,0,0,0.0,0.0,0.0,0.0,0.0,0.0,0.0,2025
170,Dylan Wu,29,"$486,226",129,16,0,8,1,0,0.0,0.0,0.0,0.0,0.0,0.0,0.0,2025
171,John Pak,27,"$622,055",121,26,75,14,1,0,70.5,290.4,67.7,67.2,1.766,51.0,3.76,2025
172,Zac Blair,35,"$663,124",104,21,61,13,2,0,69.9,287.1,68.1,67.9,1.729,59.3,4.115,2025
173,Hayden Buckley,29,"$379,692",100,24,58,9,2,0,70.6,304.5,65.6,68.0,1.785,44.3,3.759,2025
174,Ben Martin,38,"$335,350",99,20,53,9,1,0,70.0,296.7,61.9,68.4,1.755,55.7,3.906,2025
175,Trace Crowe,29,"$279,315",93,5,0,2,1,0,0.0,0.0,0.0,0.0,0.0,0.0,0.0,2025
176,Cristobal Del Solar,32,"$250,132",88,26,67,9,0,0,71.2,304.5,51.7,63.8,1.747,50.5,3.642,2025
177,Matthew Riedel,--,"$287,732",87,25,66,10,0,0,71.1,303.6,59.7,68.2,1.804,52.9,3.591,2025
178,Trevor Cone,33,"$544,059",83,26,69,12,1,0,70.3,315.4,59.8,70.0,1.806,53.7,3.768,2025
179,Peter Malnati,38,"$282,493",80,23,63,10,0,0,71.1,301.3,48.1,61.5,1.752,57.7,3.508,2025
180,Patton Kizzire,39,"$317,724",72,26,66,9,0,0,70.2,298.5,60.7,66.6,1.747,69.0,4.061,2025
181,K.H. Lee,34,"$244,845",71,10,0,2,1,0,0.0,0.0,0.0,0.0,0.0,0.0,0.0,2025
182,Norman Xiong,27,"$177,145",69,8,0,4,0,0,0.0,0.0,0.0,0.0,0.0,0.0,0.0,2025
183,Rikuya Hoshino,29,"$363,756",68,20,52,8,1,0,70.1,296.0,62.2,64.7,1.729,60.6,4.135,2025
183,Kevin Velo,28,"$290,109",68,27,65,7,1,0,71.1,299.2,64.3,66.9,1.796,46.7,3.646,2025
185,Kevin Kisner,41,"$181,498",67,17,0,3,1,0,0.0,0.0,0.0,0.0,0.0,0.0,0.0,2025
186,Aaron Baddeley,44,"$167,011",64,17,0,6,0,0,0.0,0.0,0.0,0.0,0.0,0.0,0.0,2025
186,Philip Knowles,29,"$158,456",64,17,0,4,0,0,0.0,0.0,0.0,0.0,0.0,0.0,0.0,2025
188,Rafael Campos,37,"$216,757",63,31,79,9,0,0,71.7,305.2,55.9,62.9,1.76,52.6,3.57,2025
188,Vincent Norrman,28,"$168,514",63,7,0,5,0,0,0.0,0.0,0.0,0.0,0.0,0.0,0.0,2025
190,Braden Thornberry,28,"$301,674",57,26,61,7,1,0,71.0,302.2,53.7,63.8,1.757,63.8,3.475,2025
191,Matt NeSmith,32,"$201,635",56,14,0,6,0,0,0.0,0.0,0.0,0.0,0.0,0.0,0.0,2025
192,Kevin Streelman,47,"$226,037",55,10,0,7,0,0,0.0,0.0,0.0,0.0,0.0,0.0,0.0,2025
192,C.T. Pan,34,"$186,829",55,7,0,5,0,0,0.0,0.0,0.0,0.0,0.0,0.0,0.0,2025
194,Scott Piercy,47,"$109,755",53,12,0,3,0,0,0.0,0.0,0.0,0.0,0.0,0.0,0.0,2025
194,Chesson Hadley,38,"$101,470",53,13,0,3,0,0,0.0,0.0,0.0,0.0,0.0,0.0,0.0,2025
196,Martin Laird,43,"$158,373",49,13,0,5,0,0,0.0,0.0,0.0,0.0,0.0,0.0,0.0,2025
197,Mason Andersen,27,"$213,335",43,25,65,9,0,0,70.9,295.8,58.7,64.2,1.75,55.6,3.585,2025
198,Kaito Onishi,27,"$145,336",42,26,60,6,0,0,71.2,298.2,59.9,63.1,1.784,58.7,3.367,2025
199,Luke Clanton,22,"$251,429",41,18,58,11,0,0,69.9,312.6,59.1,70.6,1.78,40.7,3.897,2025
200,James Hahn,44,"$102,032",38,12,0,5,0,0,0.0,0.0,0.0,0.0,0.0,0.0,0.0,2025
201,Francesco Molinari,43,"$219,875",35,15,0,8,0,0,0.0,0.0,0.0,0.0,0.0,0.0,0.0,2025
201,Austin Cook,34,"$112,640",35,10,0,3,0,0,0.0,0.0,0.0,0.0,0.0,0.0,0.0,2025
203,Jonathan Byrd,47,"$268,118",32,10,0,6,0,0,0.0,0.0,0.0,0.0,0.0,0.0,0.0,2025
204,Wesley Bryan,35,"$74,068",31,3,0,1,0,0,0.0,0.0,0.0,0.0,0.0,0.0,0.0,2025
205,Gordon Sargent,--,"$113,848",29,11,0,5,0,0,0.0,0.0,0.0,0.0,0.0,0.0,0.0,2025
206,Ryan Palmer,49,"$159,928",26,25,56,5,0,0,71.8,296.0,59.9,62.0,1.806,64.2,3.464,2025
207,Nick Watney,44,"$43,499",23,9,0,3,0,0,0.0,0.0,0.0,0.0,0.0,0.0,0.0,2025
208,Troy Merritt,40,"$78,835",21,9,0,5,0,0,0.0,0.0,0.0,0.0,0.0,0.0,0.0,2025
208,Robby Shelton,30,"$50,297",21,5,0,1,0,0,0.0,0.0,0.0,0.0,0.0,0.0,0.0,2025
210,Tim Widing,28,"$80,950",19,21,46,4,0,0,71.0,312.9,55.8,66.1,1.762,56.3,3.935,2025
211,Tyler Duncan,36,"$42,650",18,7,0,2,0,0,0.0,0.0,0.0,0.0,0.0,0.0,0.0,2025
211,Adrien Dumont de Chassart,25,"$29,450",18,4,0,1,0,0,0.0,0.0,0.0,0.0,0.0,0.0,0.0,2025
213,Dylan Frittelli,35,"$27,400",17,5,0,1,0,0,0.0,0.0,0.0,0.0,0.0,0.0,0.0,2025
213,S.H. Kim,27,"$28,000",17,2,0,1,0,0,0.0,0.0,0.0,0.0,0.0,0.0,0.0,2025
215,Kevin Tway,37,"$51,746",14,7,0,2,0,0,0.0,0.0,0.0,0.0,0.0,0.0,0.0,2025
216,Chez Reavie,44,"$68,786",13,12,0,4,0,0,0.0,0.0,0.0,0.0,0.0,0.0,0.0,2025
216,George McNeill,50,"$25,362",13,6,0,2,0,0,0.0,0.0,0.0,0.0,0.0,0.0,0.0,2025
216,Tom McKibbin,23,"$40,674",13,2,0,1,0,0,0.0,0.0,0.0,0.0,0.0,0.0,0.0,2025
219,Anders Albertson,32,"$56,282",10,15,0,3,0,0,0.0,0.0,0.0,0.0,0.0,0.0,0.0,2025
220,Justin Leonard,53,"$41,550",9,1,0,1,0,0,0.0,0.0,0.0,0.0,0.0,0.0,0.0,2025
220,Bronson Burgoon,38,"$24,965",9,5,0,1,0,0,0.0,0.0,0.0,0.0,0.0,0.0,0.0,2025
220,Paul Waring,40,"$26,401",9,12,0,1,0,0,0.0,0.0,0.0,0.0,0.0,0.0,0.0,2025
223,Luke Donald,48,"$27,014",8,6,0,1,0,0,0.0,0.0,0.0,0.0,0.0,0.0,0.0,2025
223,Tommy Gainey,50,"$26,093",8,6,0,3,0,0,0.0,0.0,0.0,0.0,0.0,0.0,0.0,2025
225,Carl Yuan,28,"$17,920",6,4,0,3,0,0,0.0,0.0,0.0,0.0,0.0,0.0,0.0,2025
225,Aaron Wise,29,"$22,709",6,7,0,1,0,0,0.0,0.0,0.0,0.0,0.0,0.0,0.0,2025
227,Brendon Todd,40,"$32,500",4,6,0,1,0,0,0.0,0.0,0.0,0.0,0.0,0.0,0.0,2025
227,Vince Covello,43,"$51,276",4,13,0,4,0,0,0.0,0.0,0.0,0.0,0.0,0.0,0.0,2025
227,Brandon Matthews,31,"$21,483",4,4,0,1,0,0,0.0,0.0,0.0,0.0,0.0,0.0,0.0,2025
230,Padraig Harrington,54,"$18,810",3,6,0,1,0,0,0.0,0.0,0.0,0.0,0.0,0.0,0.0,2025
230,Kevin Chappell,39,"$18,124",3,5,0,0,0,0,0.0,0.0,0.0,0.0,0.0,0.0,0.0,2025
230,MJ Daffue,37,"$9,160",3,1,0,1,0,0,0.0,0.0,0.0,0.0,0.0,0.0,0.0,2025
230,Cody Gribble,35,"$8,640",3,3,0,1,0,0,0.0,0.0,0.0,0.0,0.0,0.0,0.0,2025
230,Brandon Wu,28,"$8,760",3,2,0,2,0,0,0.0,0.0,0.0,0.0,0.0,0.0,0.0,2025
230,David Ford,23,"$319,398",3,13,0,4,1,0,0.0,0.0,0.0,0.0,0.0,0.0,0.0,2025
236,Bill Haas,43,"$8,680",2,7,0,1,0,0,0.0,0.0,0.0,0.0,0.0,0.0,0.0,2025
236,Brian Stuard,43,"$8,280",2,3,0,1,0,0,0.0,0.0,0.0,0.0,0.0,0.0,0.0,2025
236,Russell Knox,40,"$8,360",2,3,0,2,0,0,0.0,0.0,0.0,0.0,0.0,0.0,0.0,2025
236,Harrison Endycott,29,"$93,990",2,10,0,4,0,0,0.0,0.0,0.0,0.0,0.0,0.0,0.0,2025
240,Jason Dufner,48,"$44,625",1,9,0,2,0,0,0.0,0.0,0.0,0.0,0.0,0.0,0.0,2025
